categ_id,category,book_id
2,All products,2
3,All products,3
4,All products,4
5,All products,5
6,All products,6
7,All products,7
8,All products,8
9,All products,9
10,All products,10
11,All products,11
12,All products,12
13,All products,13
14,All products,14
15,All products,15
16,All products,16
17,All products,17
18,All products,18
19,All products,19
20,All products,20
21,All products,21
22,All products,22
23,All products,23
24,All products,24
25,All products,25
26,All products,26
27,All products,27
28,All products,28
29,All products,29
30,All products,30
31,All products,31
32,All products,32
33,All products,33
34,All products,34
35,All products,35
36,All products,36
37,All products,37
38,All products,38
39,All products,39
40,All products,40
41,All products,41
42,Books,42
43,Books,43
44,Books,44
45,Books,45
46,Books,46
47,Books,47
48,Books,48
49,Books,49
50,Books,50
51,Books,51
52,Books,52
53,Books,53
54,Books,54
55,Books,55
56,Books,56
57,Books,57
58,Books,58
59,Books,59
60,Books,60
61,Books,61
62,Books,62
63,Books,63
64,Books,64
65,Books,65
66,Books,66
67,Books,67
68,Books,68
69,Books,69
70,Books,70
71,Books,71
72,Books,72
73,Books,73
74,Books,74
75,Books,75
76,Books,76
77,Books,77
78,Books,78
79,Books,79
80,Books,80
81,Books,81
82,Books,82
83,Books,83
84,Books,84
85,Books,85
86,Books,86
87,Books,87
88,Books,88
89,Books,89
90,Books,90
91,Books,91
92,Books,92
93,Books,93
94,Books,94
95,Books,95
96,Books,96
97,Books,97
98,Books,98
99,Books,99
100,Books,100
101,Books,101
102,Books,102
103,Books,103
104,Books,104
105,Books,105
106,Books,106
107,Books,107
108,Books,108
109,Books,109
110,Books,110
111,Books,111
112,Books,112
113,Books,113
114,Books,114
115,Books,115
116,Books,116
117,Books,117
118,Books,118
119,Books,119
120,Books,120
121,Books,121
122,Books,122
123,Books,123
124,Books,124
125,Books,125
126,Books,126
127,Books,127
128,Books,128
129,Books,129
130,Books,130
131,Books,131
132,Books,132
133,Books,133
134,Books,134
135,Books,135
136,Books,136
137,Books,137
138,Books,138
139,Books,139
140,Books,140
141,Books,141
142,Books,142
143,Books,143
144,Books,144
145,Books,145
146,Books,146
147,Books,147
148,Books,148
149,Books,149
150,Books,150
151,Books,151
152,Books,152
153,Books,153
154,Books,154
155,Books,155
156,Books,156
157,Books,157
158,Books,158
159,Books,159
160,Books,160
161,Books,161
162,Books,162
163,Books,163
164,Books,164
165,Books,165
166,Books,166
167,Books,167
168,Books,168
169,Books,169
170,Books,170
171,Books,171
172,Books,172
173,Books,173
174,Books,174
175,Books,175
176,Books,176
177,Books,177
178,Books,178
179,Books,179
180,Books,180
181,Books,181
182,Books,182
183,Books,183
184,Books,184
185,Books,185
186,Books,186
187,Books,187
188,Books,188
189,Books,189
190,Books,190
191,Books,191
192,Books,192
193,Books,193
194,Books,194
195,Books,195
196,Books,196
197,Books,197
198,Books,198
199,Books,199
200,Books,200
201,Books,201
202,Books,202
203,Books,203
204,Books,204
205,Books,205
206,Books,206
207,Books,207
208,Books,208
209,Books,209
210,Books,210
211,Books,211
212,Books,212
213,Books,213
214,Books,214
215,Books,215
216,Books,216
217,Books,217
218,Books,218
219,Books,219
220,Books,220
221,Books,221
222,Books,222
223,Books,223
224,Books,224
225,Books,225
226,Books,226
227,Books,227
228,Books,228
229,Books,229
230,Books,230
231,Books,231
232,Books,232
233,Books,233
234,Books,234
235,Books,235
236,Books,236
237,Books,237
238,Books,238
239,Books,239
240,Books,240
241,Books,241
242,Books,242
243,Books,243
244,Books,244
245,Books,245
246,Books,246
247,Books,247
248,Books,248
249,Books,249
250,Books,250
251,Books,251
252,Books,252
253,Books,253
254,Books,254
255,Books,255
256,Books,256
257,Books,257
258,Books,258
259,Books,259
260,Books,260
261,Books,261
262,Books,262
263,Books,263
264,Books,264
265,Books,265
266,Books,266
267,Books,267
268,Books,268
269,Books,269
270,Books,270
271,Books,271
272,Books,272
273,Books,273
274,Books,274
275,Books,275
276,Books,276
277,Books,277
278,Books,278
279,Books,279
280,Books,280
281,Books,281
282,Books,282
283,Books,283
284,Books,284
285,Books,285
286,Books,286
287,Books,287
288,Books,288
289,Books,289
290,Books,290
291,Books,291
292,Books,292
293,Books,293
294,Books,294
295,Books,295
296,Books,296
297,Books,297
298,Books,298
299,Books,299
300,Books,300
301,Books,301
302,Books,302
303,Books,303
304,Books,304
305,Books,305
306,Books,306
307,Books,307
308,Books,308
309,Books,309
310,Books,310
311,Books,311
312,Books,312
313,Books,313
314,Books,314
315,Books,315
316,Books,316
317,Books,317
318,Books,318
319,Books,319
320,Books,320
321,Books,321
322,Books,322
323,Books,323
324,Books,324
325,Books,325
326,Books,326
327,Books,327
328,Books,328
329,Books,329
330,Books,330
331,Books,331
332,Books,332
333,Books,333
334,Books,334
335,Books,335
336,Books,336
337,Books,337
338,Books,338
339,Books,339
340,Books,340
341,Books,341
342,Books,342
343,Books,343
344,Books,344
345,Books,345
346,Books,346
347,Books,347
348,Books,348
349,Books,349
350,Books,350
351,Books,351
352,Books,352
353,Books,353
354,Books,354
355,Books,355
356,Books,356
357,Books,357
358,Books,358
359,Books,359
360,Books,360
361,Books,361
362,Books,362
363,Books,363
364,Books,364
365,Books,365
366,Books,366
367,Books,367
368,Books,368
369,Books,369
370,Books,370
371,Books,371
372,Books,372
373,Books,373
374,Books,374
375,Books,375
376,Books,376
377,Books,377
378,Books,378
379,Books,379
380,Books,380
381,Books,381
382,Books,382
383,Books,383
384,Books,384
385,Books,385
386,Books,386
387,Books,387
388,Books,388
389,Books,389
390,Books,390
391,Books,391
392,Books,392
393,Books,393
394,Books,394
395,Books,395
396,Books,396
397,Books,397
398,Books,398
399,Books,399
400,Books,400
401,Books,401
402,Books,402
403,Books,403
404,Books,404
405,Books,405
406,Books,406
407,Books,407
408,Books,408
409,Books,409
410,Books,410
411,Books,411
412,Books,412
413,Books,413
414,Books,414
415,Books,415
416,Books,416
417,Books,417
418,Books,418
419,Books,419
420,Books,420
421,Books,421
422,Books,422
423,Books,423
424,Books,424
425,Books,425
426,Books,426
427,Books,427
428,Books,428
429,Books,429
430,Books,430
431,Books,431
432,Books,432
433,Books,433
434,Books,434
435,Books,435
436,Books,436
437,Books,437
438,Books,438
439,Books,439
440,Books,440
441,Books,441
442,Books,442
443,Books,443
444,Books,444
445,Books,445
446,Books,446
447,Books,447
448,Books,448
449,Books,449
450,Books,450
451,Books,451
452,Books,452
453,Books,453
454,Books,454
455,Books,455
456,Books,456
457,Books,457
458,Books,458
459,Books,459
460,Books,460
461,Books,461
462,Books,462
463,Books,463
464,Books,464
465,Books,465
466,Books,466
467,Books,467
468,Books,468
469,Books,469
470,Books,470
471,Books,471
472,Books,472
473,Books,473
474,Books,474
475,Books,475
476,Books,476
477,Books,477
478,Books,478
479,Books,479
480,Books,480
481,Books,481
482,Books,482
483,Books,483
484,Books,484
485,Books,485
486,Books,486
487,Books,487
488,Books,488
489,Books,489
490,Books,490
491,Books,491
492,Books,492
493,Books,493
494,Books,494
495,Books,495
496,Books,496
497,Books,497
498,Books,498
499,Books,499
500,Books,500
501,Books,501
502,Books,502
503,Books,503
504,Books,504
505,Books,505
506,Books,506
507,Books,507
508,Books,508
509,Books,509
510,Books,510
511,Books,511
512,Books,512
513,Books,513
514,Books,514
515,Books,515
516,Books,516
517,Books,517
518,Books,518
519,Books,519
520,Books,520
521,Books,521
522,Books,522
523,Books,523
524,Books,524
525,Books,525
526,Books,526
527,Books,527
528,Books,528
529,Books,529
530,Books,530
531,Books,531
532,Books,532
533,Books,533
534,Books,534
535,Books,535
536,Books,536
537,Books,537
538,Books,538
539,Books,539
540,Books,540
541,Books,541
542,Books,542
543,Books,543
544,Books,544
545,Books,545
546,Books,546
547,Books,547
548,Books,548
549,Books,549
550,Books,550
551,Books,551
552,Books,552
553,Books,553
554,Books,554
555,Books,555
556,Books,556
557,Books,557
558,Books,558
559,Books,559
560,Books,560
561,Books,561
562,Books,562
563,Books,563
564,Books,564
565,Books,565
566,Books,566
567,Books,567
568,Books,568
569,Books,569
570,Books,570
571,Books,571
572,Books,572
573,Books,573
574,Books,574
575,Books,575
576,Books,576
577,Books,577
578,Books,578
579,Books,579
580,Books,580
581,Books,581
582,Books,582
583,Books,583
584,Books,584
585,Books,585
586,Books,586
587,Books,587
588,Books,588
589,Books,589
590,Books,590
591,Books,591
592,Books,592
593,Books,593
594,Books,594
595,Books,595
596,Books,596
597,Books,597
598,Books,598
599,Books,599
600,Books,600
601,Books,601
602,Books,602
603,Books,603
604,Books,604
605,Books,605
606,Books,606
607,Books,607
608,Books,608
609,Books,609
610,Books,610
611,Books,611
612,Books,612
613,Books,613
614,Books,614
615,Books,615
616,Books,616
617,Books,617
618,Books,618
619,Books,619
620,Books,620
621,Books,621
622,Books,622
623,Books,623
624,Books,624
625,Books,625
626,Books,626
627,Books,627
628,Books,628
629,Books,629
630,Books,630
631,Books,631
632,Books,632
633,Books,633
634,Books,634
635,Books,635
636,Books,636
637,Books,637
638,Books,638
639,Books,639
640,Books,640
641,Books,641
642,Books,642
643,Books,643
644,Books,644
645,Books,645
646,Books,646
647,Books,647
648,Books,648
649,Books,649
650,Books,650
651,Books,651
652,Books,652
653,Books,653
654,Books,654
655,Books,655
656,Books,656
657,Books,657
658,Books,658
659,Books,659
660,Books,660
661,Books,661
662,Books,662
663,Books,663
664,Books,664
665,Books,665
666,Books,666
667,Books,667
668,Books,668
669,Books,669
670,Books,670
671,Books,671
672,Books,672
673,Books,673
674,Books,674
675,Books,675
676,Books,676
677,Books,677
678,Books,678
679,Books,679
680,Books,680
681,Books,681
682,Books,682
683,Books,683
684,Books,684
685,Books,685
686,Books,686
687,Books,687
688,Books,688
689,Books,689
690,Books,690
691,Books,691
692,Books,692
693,Books,693
694,Books,694
695,Books,695
696,Books,696
697,Books,697
698,Books,698
699,Books,699
700,Books,700
701,Books,701
702,Books,702
703,Books,703
704,Books,704
705,Books,705
706,Books,706
707,Books,707
708,Books,708
709,Books,709
710,Books,710
711,Books,711
712,Books,712
713,Books,713
714,Books,714
715,Books,715
716,Books,716
717,Books,717
718,Books,718
719,Books,719
720,Books,720
721,Books,721
722,Books,722
723,Books,723
724,Books,724
725,Books,725
726,Books,726
727,Books,727
728,Books,728
729,Books,729
730,Books,730
731,Books,731
732,Books,732
733,Books,733
734,Books,734
735,Books,735
736,Books,736
737,Books,737
738,Books,738
739,Books,739
740,Books,740
741,Books,741
742,Books,742
743,Books,743
744,Books,744
745,Books,745
746,Books,746
747,Books,747
748,Books,748
749,Books,749
750,Books,750
751,Books,751
752,Books,752
753,Books,753
754,Books,754
755,Books,755
756,Books,756
757,Books,757
758,Books,758
759,Books,759
760,Books,760
761,Books,761
762,Books,762
763,Books,763
764,Books,764
765,Books,765
766,Books,766
767,Books,767
768,Books,768
769,Books,769
770,Books,770
771,Books,771
772,Books,772
773,Books,773
774,Books,774
775,Books,775
776,Books,776
777,Books,777
778,Books,778
779,Books,779
780,Books,780
781,Books,781
782,Books,782
783,Books,783
784,Books,784
785,Books,785
786,Books,786
787,Books,787
788,Books,788
789,Books,789
790,Books,790
791,Books,791
792,Books,792
793,Books,793
794,Books,794
795,Books,795
796,Books,796
797,Books,797
798,Books,798
799,Books,799
800,Books,800
801,Books,801
802,Books,802
803,Books,803
804,Books,804
805,Books,805
806,Books,806
807,Books,807
808,Books,808
809,Books,809
810,Books,810
811,Books,811
812,Books,812
813,Books,813
814,Books,814
815,Books,815
816,Books,816
817,Books,817
818,Books,818
819,Books,819
820,Books,820
821,Books,821
822,Books,822
823,Books,823
824,Books,824
825,Books,825
826,Books,826
827,Books,827
828,Books,828
829,Books,829
830,Books,830
831,Books,831
832,Books,832
833,Books,833
834,Books,834
835,Books,835
836,Books,836
837,Books,837
838,Books,838
839,Books,839
840,Books,840
841,Books,841
842,Books,842
843,Books,843
844,Books,844
845,Books,845
846,Books,846
847,Books,847
848,Books,848
849,Books,849
850,Books,850
851,Books,851
852,Books,852
853,Books,853
854,Books,854
855,Books,855
856,Books,856
857,Books,857
858,Books,858
859,Books,859
860,Books,860
861,Books,861
862,Books,862
863,Books,863
864,Books,864
865,Books,865
866,Books,866
867,Books,867
868,Books,868
869,Books,869
870,Books,870
871,Books,871
872,Books,872
873,Books,873
874,Books,874
875,Books,875
876,Books,876
877,Books,877
878,Books,878
879,Books,879
880,Books,880
881,Books,881
882,Books,882
883,Books,883
884,Books,884
885,Books,885
886,Books,886
887,Books,887
888,Books,888
889,Books,889
890,Books,890
891,Books,891
892,Books,892
893,Books,893
894,Books,894
895,Books,895
896,Books,896
897,Books,897
898,Books,898
899,Books,899
900,Books,900
901,Books,901
902,Books,902
903,Books,903
904,Books,904
905,Books,905
906,Books,906
907,Books,907
908,Books,908
909,Books,909
910,Books,910
911,Books,911
912,Books,912
913,Books,913
914,Books,914
915,Books,915
916,Books,916
917,Books,917
918,Books,918
919,Books,919
920,Books,920
921,Books,921
922,Books,922
923,Books,923
924,Books,924
925,Books,925
926,Books,926
927,Books,927
928,Books,928
929,Books,929
930,Books,930
931,Books,931
932,Books,932
933,Books,933
934,Books,934
935,Books,935
936,Books,936
937,Books,937
938,Books,938
939,Books,939
940,Books,940
941,Books,941
942,Books,942
943,Books,943
944,Books,944
945,Books,945
946,Books,946
947,Books,947
948,Books,948
949,Books,949
950,Books,950
951,Books,951
952,Books,952
953,Books,953
954,Books,954
955,Books,955
956,Books,956
957,Books,957
958,Books,958
959,Books,959
960,Books,960
961,Books,961
962,Books,962
963,Books,963
964,Books,964
965,Books,965
966,Books,966
967,Books,967
968,Books,968
969,Books,969
970,Books,970
971,Books,971
972,Books,972
973,Books,973
974,Books,974
975,Books,975
976,Books,976
977,Books,977
978,Books,978
979,Books,979
980,Books,980
981,Books,981
982,Books,982
983,Books,983
984,Books,984
985,Books,985
986,Books,986
987,Books,987
988,Books,988
989,Books,989
990,Books,990
991,Books,991
992,Books,992
993,Books,993
994,Books,994
995,Books,995
996,Books,996
997,Books,997
998,Books,998
999,Books,999
1000,Books,1000
1001,Books,1001
1002,Books,1002
1003,Books,1003
1004,Books,1004
1005,Books,1005
1006,Books,1006
1007,Books,1007
1008,Books,1008
1009,Books,1009
1010,Books,1010
1011,Books,1011
1012,Books,1012
1013,Books,1013
1014,Books,1014
1015,Books,1015
1016,Books,1016
1017,Books,1017
1018,Books,1018
1019,Books,1019
1020,Books,1020
1021,Books,1021
1022,Books,1022
1023,Books,1023
1024,Books,1024
1025,Books,1025
1026,Books,1026
1027,Books,1027
1028,Books,1028
1029,Books,1029
1030,Books,1030
1031,Books,1031
1032,Books,1032
1033,Books,1033
1034,Books,1034
1035,Books,1035
1036,Books,1036
1037,Books,1037
1038,Books,1038
1039,Books,1039
1040,Books,1040
1041,Books,1041
1042,Travel,1042
1043,Travel,1043
1044,Travel,1044
1045,Travel,1045
1046,Travel,1046
1047,Travel,1047
1048,Travel,1048
1049,Travel,1049
1050,Travel,1050
1051,Travel,1051
1052,Travel,1052
1053,Mystery,1053
1054,Mystery,1054
1055,Mystery,1055
1056,Mystery,1056
1057,Mystery,1057
1058,Mystery,1058
1059,Mystery,1059
1060,Mystery,1060
1061,Mystery,1061
1062,Mystery,1062
1063,Mystery,1063
1064,Mystery,1064
1065,Mystery,1065
1066,Mystery,1066
1067,Mystery,1067
1068,Mystery,1068
1069,Mystery,1069
1070,Mystery,1070
1071,Mystery,1071
1072,Mystery,1072
1073,Mystery,1073
1074,Mystery,1074
1075,Mystery,1075
1076,Mystery,1076
1077,Mystery,1077
1078,Mystery,1078
1079,Mystery,1079
1080,Mystery,1080
1081,Mystery,1081
1082,Mystery,1082
1083,Mystery,1083
1084,Mystery,1084
1085,Historical Fiction,1085
1086,Historical Fiction,1086
1087,Historical Fiction,1087
1088,Historical Fiction,1088
1089,Historical Fiction,1089
1090,Historical Fiction,1090
1091,Historical Fiction,1091
1092,Historical Fiction,1092
1093,Historical Fiction,1093
1094,Historical Fiction,1094
1095,Historical Fiction,1095
1096,Historical Fiction,1096
1097,Historical Fiction,1097
1098,Historical Fiction,1098
1099,Historical Fiction,1099
1100,Historical Fiction,1100
1101,Historical Fiction,1101
1102,Historical Fiction,1102
1103,Historical Fiction,1103
1104,Historical Fiction,1104
1105,Historical Fiction,1105
1106,Historical Fiction,1106
1107,Historical Fiction,1107
1108,Historical Fiction,1108
1109,Historical Fiction,1109
1110,Historical Fiction,1110
1111,Sequential Art,1111
1112,Sequential Art,1112
1113,Sequential Art,1113
1114,Sequential Art,1114
1115,Sequential Art,1115
1116,Sequential Art,1116
1117,Sequential Art,1117
1118,Sequential Art,1118
1119,Sequential Art,1119
1120,Sequential Art,1120
1121,Sequential Art,1121
1122,Sequential Art,1122
1123,Sequential Art,1123
1124,Sequential Art,1124
1125,Sequential Art,1125
1126,Sequential Art,1126
1127,Sequential Art,1127
1128,Sequential Art,1128
1129,Sequential Art,1129
1130,Sequential Art,1130
1131,Sequential Art,1131
1132,Sequential Art,1132
1133,Sequential Art,1133
1134,Sequential Art,1134
1135,Sequential Art,1135
1136,Sequential Art,1136
1137,Sequential Art,1137
1138,Sequential Art,1138
1139,Sequential Art,1139
1140,Sequential Art,1140
1141,Sequential Art,1141
1142,Sequential Art,1142
1143,Sequential Art,1143
1144,Sequential Art,1144
1145,Sequential Art,1145
1146,Sequential Art,1146
1147,Sequential Art,1147
1148,Sequential Art,1148
1149,Sequential Art,1149
1150,Sequential Art,1150
1151,Sequential Art,1151
1152,Sequential Art,1152
1153,Sequential Art,1153
1154,Sequential Art,1154
1155,Sequential Art,1155
1156,Sequential Art,1156
1157,Sequential Art,1157
1158,Sequential Art,1158
1159,Sequential Art,1159
1160,Sequential Art,1160
1161,Sequential Art,1161
1162,Sequential Art,1162
1163,Sequential Art,1163
1164,Sequential Art,1164
1165,Sequential Art,1165
1166,Sequential Art,1166
1167,Sequential Art,1167
1168,Sequential Art,1168
1169,Sequential Art,1169
1170,Sequential Art,1170
1171,Sequential Art,1171
1172,Sequential Art,1172
1173,Sequential Art,1173
1174,Sequential Art,1174
1175,Sequential Art,1175
1176,Sequential Art,1176
1177,Sequential Art,1177
1178,Sequential Art,1178
1179,Sequential Art,1179
1180,Sequential Art,1180
1181,Sequential Art,1181
1182,Sequential Art,1182
1183,Sequential Art,1183
1184,Sequential Art,1184
1185,Sequential Art,1185
1186,Classics,1186
1187,Classics,1187
1188,Classics,1188
1189,Classics,1189
1190,Classics,1190
1191,Classics,1191
1192,Classics,1192
1193,Classics,1193
1194,Classics,1194
1195,Classics,1195
1196,Classics,1196
1197,Classics,1197
1198,Classics,1198
1199,Classics,1199
1200,Classics,1200
1201,Classics,1201
1202,Classics,1202
1203,Classics,1203
1204,Classics,1204
1205,Philosophy,1205
1206,Philosophy,1206
1207,Philosophy,1207
1208,Philosophy,1208
1209,Philosophy,1209
1210,Philosophy,1210
1211,Philosophy,1211
1212,Philosophy,1212
1213,Philosophy,1213
1214,Philosophy,1214
1215,Philosophy,1215
1216,Romance,1216
1217,Romance,1217
1218,Romance,1218
1219,Romance,1219
1220,Romance,1220
1221,Romance,1221
1222,Romance,1222
1223,Romance,1223
1224,Romance,1224
1225,Romance,1225
1226,Romance,1226
1227,Romance,1227
1228,Romance,1228
1229,Romance,1229
1230,Romance,1230
1231,Romance,1231
1232,Romance,1232
1233,Romance,1233
1234,Romance,1234
1235,Romance,1235
1236,Romance,1236
1237,Romance,1237
1238,Romance,1238
1239,Romance,1239
1240,Romance,1240
1241,Romance,1241
1242,Romance,1242
1243,Romance,1243
1244,Romance,1244
1245,Romance,1245
1246,Romance,1246
1247,Romance,1247
1248,Romance,1248
1249,Romance,1249
1250,Romance,1250
1251,Womens Fiction,1251
1252,Womens Fiction,1252
1253,Womens Fiction,1253
1254,Womens Fiction,1254
1255,Womens Fiction,1255
1256,Womens Fiction,1256
1257,Womens Fiction,1257
1258,Womens Fiction,1258
1259,Womens Fiction,1259
1260,Womens Fiction,1260
1261,Womens Fiction,1261
1262,Womens Fiction,1262
1263,Womens Fiction,1263
1264,Womens Fiction,1264
1265,Womens Fiction,1265
1266,Womens Fiction,1266
1267,Womens Fiction,1267
1268,Fiction,1268
1269,Fiction,1269
1270,Fiction,1270
1271,Fiction,1271
1272,Fiction,1272
1273,Fiction,1273
1274,Fiction,1274
1275,Fiction,1275
1276,Fiction,1276
1277,Fiction,1277
1278,Fiction,1278
1279,Fiction,1279
1280,Fiction,1280
1281,Fiction,1281
1282,Fiction,1282
1283,Fiction,1283
1284,Fiction,1284
1285,Fiction,1285
1286,Fiction,1286
1287,Fiction,1287
1288,Fiction,1288
1289,Fiction,1289
1290,Fiction,1290
1291,Fiction,1291
1292,Fiction,1292
1293,Fiction,1293
1294,Fiction,1294
1295,Fiction,1295
1296,Fiction,1296
1297,Fiction,1297
1298,Fiction,1298
1299,Fiction,1299
1300,Fiction,1300
1301,Fiction,1301
1302,Fiction,1302
1303,Fiction,1303
1304,Fiction,1304
1305,Fiction,1305
1306,Fiction,1306
1307,Fiction,1307
1308,Fiction,1308
1309,Fiction,1309
1310,Fiction,1310
1311,Fiction,1311
1312,Fiction,1312
1313,Fiction,1313
1314,Fiction,1314
1315,Fiction,1315
1316,Fiction,1316
1317,Fiction,1317
1318,Fiction,1318
1319,Fiction,1319
1320,Fiction,1320
1321,Fiction,1321
1322,Fiction,1322
1323,Fiction,1323
1324,Fiction,1324
1325,Fiction,1325
1326,Fiction,1326
1327,Fiction,1327
1328,Fiction,1328
1329,Fiction,1329
1330,Fiction,1330
1331,Fiction,1331
1332,Fiction,1332
1333,Childrens,1333
1334,Childrens,1334
1335,Childrens,1335
1336,Childrens,1336
1337,Childrens,1337
1338,Childrens,1338
1339,Childrens,1339
1340,Childrens,1340
1341,Childrens,1341
1342,Childrens,1342
1343,Childrens,1343
1344,Childrens,1344
1345,Childrens,1345
1346,Childrens,1346
1347,Childrens,1347
1348,Childrens,1348
1349,Childrens,1349
1350,Childrens,1350
1351,Childrens,1351
1352,Childrens,1352
1353,Childrens,1353
1354,Childrens,1354
1355,Childrens,1355
1356,Childrens,1356
1357,Childrens,1357
1358,Childrens,1358
1359,Childrens,1359
1360,Childrens,1360
1361,Childrens,1361
1362,Religion,1362
1363,Religion,1363
1364,Religion,1364
1365,Religion,1365
1366,Religion,1366
1367,Religion,1367
1368,Religion,1368
1369,Nonfiction,1369
1370,Nonfiction,1370
1371,Nonfiction,1371
1372,Nonfiction,1372
1373,Nonfiction,1373
1374,Nonfiction,1374
1375,Nonfiction,1375
1376,Nonfiction,1376
1377,Nonfiction,1377
1378,Nonfiction,1378
1379,Nonfiction,1379
1380,Nonfiction,1380
1381,Nonfiction,1381
1382,Nonfiction,1382
1383,Nonfiction,1383
1384,Nonfiction,1384
1385,Nonfiction,1385
1386,Nonfiction,1386
1387,Nonfiction,1387
1388,Nonfiction,1388
1389,Nonfiction,1389
1390,Nonfiction,1390
1391,Nonfiction,1391
1392,Nonfiction,1392
1393,Nonfiction,1393
1394,Nonfiction,1394
1395,Nonfiction,1395
1396,Nonfiction,1396
1397,Nonfiction,1397
1398,Nonfiction,1398
1399,Nonfiction,1399
1400,Nonfiction,1400
1401,Nonfiction,1401
1402,Nonfiction,1402
1403,Nonfiction,1403
1404,Nonfiction,1404
1405,Nonfiction,1405
1406,Nonfiction,1406
1407,Nonfiction,1407
1408,Nonfiction,1408
1409,Nonfiction,1409
1410,Nonfiction,1410
1411,Nonfiction,1411
1412,Nonfiction,1412
1413,Nonfiction,1413
1414,Nonfiction,1414
1415,Nonfiction,1415
1416,Nonfiction,1416
1417,Nonfiction,1417
1418,Nonfiction,1418
1419,Nonfiction,1419
1420,Nonfiction,1420
1421,Nonfiction,1421
1422,Nonfiction,1422
1423,Nonfiction,1423
1424,Nonfiction,1424
1425,Nonfiction,1425
1426,Nonfiction,1426
1427,Nonfiction,1427
1428,Nonfiction,1428
1429,Nonfiction,1429
1430,Nonfiction,1430
1431,Nonfiction,1431
1432,Nonfiction,1432
1433,Nonfiction,1433
1434,Nonfiction,1434
1435,Nonfiction,1435
1436,Nonfiction,1436
1437,Nonfiction,1437
1438,Nonfiction,1438
1439,Nonfiction,1439
1440,Nonfiction,1440
1441,Nonfiction,1441
1442,Nonfiction,1442
1443,Nonfiction,1443
1444,Nonfiction,1444
1445,Nonfiction,1445
1446,Nonfiction,1446
1447,Nonfiction,1447
1448,Nonfiction,1448
1449,Nonfiction,1449
1450,Nonfiction,1450
1451,Nonfiction,1451
1452,Nonfiction,1452
1453,Nonfiction,1453
1454,Nonfiction,1454
1455,Nonfiction,1455
1456,Nonfiction,1456
1457,Nonfiction,1457
1458,Nonfiction,1458
1459,Nonfiction,1459
1460,Nonfiction,1460
1461,Nonfiction,1461
1462,Nonfiction,1462
1463,Nonfiction,1463
1464,Nonfiction,1464
1465,Nonfiction,1465
1466,Nonfiction,1466
1467,Nonfiction,1467
1468,Nonfiction,1468
1469,Nonfiction,1469
1470,Nonfiction,1470
1471,Nonfiction,1471
1472,Nonfiction,1472
1473,Nonfiction,1473
1474,Nonfiction,1474
1475,Nonfiction,1475
1476,Nonfiction,1476
1477,Nonfiction,1477
1478,Nonfiction,1478
1479,Music,1479
1480,Music,1480
1481,Music,1481
1482,Music,1482
1483,Music,1483
1484,Music,1484
1485,Music,1485
1486,Music,1486
1487,Music,1487
1488,Music,1488
1489,Music,1489
1490,Music,1490
1491,Music,1491
1492,Default,1492
1493,Default,1493
1494,Default,1494
1495,Default,1495
1496,Default,1496
1497,Default,1497
1498,Default,1498
1499,Default,1499
1500,Default,1500
1501,Default,1501
1502,Default,1502
1503,Default,1503
1504,Default,1504
1505,Default,1505
1506,Default,1506
1507,Default,1507
1508,Default,1508
1509,Default,1509
1510,Default,1510
1511,Default,1511
1512,Default,1512
1513,Default,1513
1514,Default,1514
1515,Default,1515
1516,Default,1516
1517,Default,1517
1518,Default,1518
1519,Default,1519
1520,Default,1520
1521,Default,1521
1522,Default,1522
1523,Default,1523
1524,Default,1524
1525,Default,1525
1526,Default,1526
1527,Default,1527
1528,Default,1528
1529,Default,1529
1530,Default,1530
1531,Default,1531
1532,Default,1532
1533,Default,1533
1534,Default,1534
1535,Default,1535
1536,Default,1536
1537,Default,1537
1538,Default,1538
1539,Default,1539
1540,Default,1540
1541,Default,1541
1542,Default,1542
1543,Default,1543
1544,Default,1544
1545,Default,1545
1546,Default,1546
1547,Default,1547
1548,Default,1548
1549,Default,1549
1550,Default,1550
1551,Default,1551
1552,Default,1552
1553,Default,1553
1554,Default,1554
1555,Default,1555
1556,Default,1556
1557,Default,1557
1558,Default,1558
1559,Default,1559
1560,Default,1560
1561,Default,1561
1562,Default,1562
1563,Default,1563
1564,Default,1564
1565,Default,1565
1566,Default,1566
1567,Default,1567
1568,Default,1568
1569,Default,1569
1570,Default,1570
1571,Default,1571
1572,Default,1572
1573,Default,1573
1574,Default,1574
1575,Default,1575
1576,Default,1576
1577,Default,1577
1578,Default,1578
1579,Default,1579
1580,Default,1580
1581,Default,1581
1582,Default,1582
1583,Default,1583
1584,Default,1584
1585,Default,1585
1586,Default,1586
1587,Default,1587
1588,Default,1588
1589,Default,1589
1590,Default,1590
1591,Default,1591
1592,Default,1592
1593,Default,1593
1594,Default,1594
1595,Default,1595
1596,Default,1596
1597,Default,1597
1598,Default,1598
1599,Default,1599
1600,Default,1600
1601,Default,1601
1602,Default,1602
1603,Default,1603
1604,Default,1604
1605,Default,1605
1606,Default,1606
1607,Default,1607
1608,Default,1608
1609,Default,1609
1610,Default,1610
1611,Default,1611
1612,Default,1612
1613,Default,1613
1614,Default,1614
1615,Default,1615
1616,Default,1616
1617,Default,1617
1618,Default,1618
1619,Default,1619
1620,Default,1620
1621,Default,1621
1622,Default,1622
1623,Default,1623
1624,Default,1624
1625,Default,1625
1626,Default,1626
1627,Default,1627
1628,Default,1628
1629,Default,1629
1630,Default,1630
1631,Default,1631
1632,Default,1632
1633,Default,1633
1634,Default,1634
1635,Default,1635
1636,Default,1636
1637,Default,1637
1638,Default,1638
1639,Default,1639
1640,Default,1640
1641,Default,1641
1642,Default,1642
1643,Default,1643
1644,Science Fiction,1644
1645,Science Fiction,1645
1646,Science Fiction,1646
1647,Science Fiction,1647
1648,Science Fiction,1648
1649,Science Fiction,1649
1650,Science Fiction,1650
1651,Science Fiction,1651
1652,Science Fiction,1652
1653,Science Fiction,1653
1654,Science Fiction,1654
1655,Science Fiction,1655
1656,Science Fiction,1656
1657,Science Fiction,1657
1658,Science Fiction,1658
1659,Science Fiction,1659
1660,Sports and Games,1660
1661,Sports and Games,1661
1662,Sports and Games,1662
1663,Sports and Games,1663
1664,Sports and Games,1664
1665,Add a comment,1665
1666,Add a comment,1666
1667,Add a comment,1667
1668,Add a comment,1668
1669,Add a comment,1669
1670,Add a comment,1670
1671,Add a comment,1671
1672,Add a comment,1672
1673,Add a comment,1673
1674,Add a comment,1674
1675,Add a comment,1675
1676,Add a comment,1676
1677,Add a comment,1677
1678,Add a comment,1678
1679,Add a comment,1679
1680,Add a comment,1680
1681,Add a comment,1681
1682,Add a comment,1682
1683,Add a comment,1683
1684,Add a comment,1684
1685,Add a comment,1685
1686,Add a comment,1686
1687,Add a comment,1687
1688,Add a comment,1688
1689,Add a comment,1689
1690,Add a comment,1690
1691,Add a comment,1691
1692,Add a comment,1692
1693,Add a comment,1693
1694,Add a comment,1694
1695,Add a comment,1695
1696,Add a comment,1696
1697,Add a comment,1697
1698,Add a comment,1698
1699,Add a comment,1699
1700,Add a comment,1700
1701,Add a comment,1701
1702,Add a comment,1702
1703,Add a comment,1703
1704,Add a comment,1704
1705,Add a comment,1705
1706,Add a comment,1706
1707,Add a comment,1707
1708,Add a comment,1708
1709,Add a comment,1709
1710,Add a comment,1710
1711,Add a comment,1711
1712,Add a comment,1712
1713,Add a comment,1713
1714,Add a comment,1714
1715,Add a comment,1715
1716,Add a comment,1716
1717,Add a comment,1717
1718,Add a comment,1718
1719,Add a comment,1719
1720,Add a comment,1720
1721,Add a comment,1721
1722,Add a comment,1722
1723,Add a comment,1723
1724,Add a comment,1724
1725,Add a comment,1725
1726,Add a comment,1726
1727,Add a comment,1727
1728,Add a comment,1728
1729,Add a comment,1729
1730,Add a comment,1730
1731,Add a comment,1731
1732,Fantasy,1732
1733,Fantasy,1733
1734,Fantasy,1734
1735,Fantasy,1735
1736,Fantasy,1736
1737,Fantasy,1737
1738,Fantasy,1738
1739,Fantasy,1739
1740,Fantasy,1740
1741,Fantasy,1741
1742,Fantasy,1742
1743,Fantasy,1743
1744,Fantasy,1744
1745,Fantasy,1745
1746,Fantasy,1746
1747,Fantasy,1747
1748,Fantasy,1748
1749,Fantasy,1749
1750,Fantasy,1750
1751,Fantasy,1751
1752,Fantasy,1752
1753,Fantasy,1753
1754,Fantasy,1754
1755,Fantasy,1755
1756,Fantasy,1756
1757,Fantasy,1757
1758,Fantasy,1758
1759,Fantasy,1759
1760,Fantasy,1760
1761,Fantasy,1761
1762,Fantasy,1762
1763,Fantasy,1763
1764,Fantasy,1764
1765,Fantasy,1765
1766,Fantasy,1766
1767,Fantasy,1767
1768,Fantasy,1768
1769,Fantasy,1769
1770,Fantasy,1770
1771,Fantasy,1771
1772,Fantasy,1772
1773,Fantasy,1773
1774,Fantasy,1774
1775,Fantasy,1775
1776,Fantasy,1776
1777,Fantasy,1777
1778,Fantasy,1778
1779,Fantasy,1779
1780,New Adult,1780
1781,New Adult,1781
1782,New Adult,1782
1783,New Adult,1783
1784,New Adult,1784
1785,New Adult,1785
1786,Young Adult,1786
1787,Young Adult,1787
1788,Young Adult,1788
1789,Young Adult,1789
1790,Young Adult,1790
1791,Young Adult,1791
1792,Young Adult,1792
1793,Young Adult,1793
1794,Young Adult,1794
1795,Young Adult,1795
1796,Young Adult,1796
1797,Young Adult,1797
1798,Young Adult,1798
1799,Young Adult,1799
1800,Young Adult,1800
1801,Young Adult,1801
1802,Young Adult,1802
1803,Young Adult,1803
1804,Young Adult,1804
1805,Young Adult,1805
1806,Young Adult,1806
1807,Young Adult,1807
1808,Young Adult,1808
1809,Young Adult,1809
1810,Young Adult,1810
1811,Young Adult,1811
1812,Young Adult,1812
1813,Young Adult,1813
1814,Young Adult,1814
1815,Young Adult,1815
1816,Young Adult,1816
1817,Young Adult,1817
1818,Young Adult,1818
1819,Young Adult,1819
1820,Young Adult,1820
1821,Young Adult,1821
1822,Young Adult,1822
1823,Young Adult,1823
1824,Young Adult,1824
1825,Young Adult,1825
1826,Young Adult,1826
1827,Young Adult,1827
1828,Young Adult,1828
1829,Young Adult,1829
1830,Young Adult,1830
1831,Young Adult,1831
1832,Young Adult,1832
1833,Young Adult,1833
1834,Young Adult,1834
1835,Young Adult,1835
1836,Young Adult,1836
1837,Young Adult,1837
1838,Young Adult,1838
1839,Young Adult,1839
1840,Science,1840
1841,Science,1841
1842,Science,1842
1843,Science,1843
1844,Science,1844
1845,Science,1845
1846,Science,1846
1847,Science,1847
1848,Science,1848
1849,Science,1849
1850,Science,1850
1851,Science,1851
1852,Science,1852
1853,Science,1853
1854,Poetry,1854
1855,Poetry,1855
1856,Poetry,1856
1857,Poetry,1857
1858,Poetry,1858
1859,Poetry,1859
1860,Poetry,1860
1861,Poetry,1861
1862,Poetry,1862
1863,Poetry,1863
1864,Poetry,1864
1865,Poetry,1865
1866,Poetry,1866
1867,Poetry,1867
1868,Poetry,1868
1869,Poetry,1869
1870,Poetry,1870
1871,Poetry,1871
1872,Poetry,1872
1873,Paranormal,1873
1874,Art,1874
1875,Art,1875
1876,Art,1876
1877,Art,1877
1878,Art,1878
1879,Art,1879
1880,Art,1880
1881,Art,1881
1882,Psychology,1882
1883,Psychology,1883
1884,Psychology,1884
1885,Psychology,1885
1886,Psychology,1886
1887,Psychology,1887
1888,Psychology,1888
1889,Autobiography,1889
1890,Autobiography,1890
1891,Autobiography,1891
1892,Autobiography,1892
1893,Autobiography,1893
1894,Autobiography,1894
1895,Autobiography,1895
1896,Autobiography,1896
1897,Autobiography,1897
1898,Parenting,1898
1899,Adult Fiction,1899
1900,Humor,1900
1901,Humor,1901
1902,Humor,1902
1903,Humor,1903
1904,Humor,1904
1905,Humor,1905
1906,Humor,1906
1907,Humor,1907
1908,Humor,1908
1909,Humor,1909
1910,Horror,1910
1911,Horror,1911
1912,Horror,1912
1913,Horror,1913
1914,Horror,1914
1915,Horror,1915
1916,Horror,1916
1917,Horror,1917
1918,Horror,1918
1919,Horror,1919
1920,Horror,1920
1921,Horror,1921
1922,Horror,1922
1923,Horror,1923
1924,Horror,1924
1925,Horror,1925
1926,Horror,1926
1927,History,1927
1928,History,1928
1929,History,1929
1930,History,1930
1931,History,1931
1932,History,1932
1933,History,1933
1934,History,1934
1935,History,1935
1936,History,1936
1937,History,1937
1938,History,1938
1939,History,1939
1940,History,1940
1941,History,1941
1942,History,1942
1943,History,1943
1944,History,1944
1945,Food and Drink,1945
1946,Food and Drink,1946
1947,Food and Drink,1947
1948,Food and Drink,1948
1949,Food and Drink,1949
1950,Food and Drink,1950
1951,Food and Drink,1951
1952,Food and Drink,1952
1953,Food and Drink,1953
1954,Food and Drink,1954
1955,Food and Drink,1955
1956,Food and Drink,1956
1957,Food and Drink,1957
1958,Food and Drink,1958
1959,Food and Drink,1959
1960,Food and Drink,1960
1961,Food and Drink,1961
1962,Food and Drink,1962
1963,Food and Drink,1963
1964,Food and Drink,1964
1965,Food and Drink,1965
1966,Food and Drink,1966
1967,Food and Drink,1967
1968,Food and Drink,1968
1969,Food and Drink,1969
1970,Food and Drink,1970
1971,Food and Drink,1971
1972,Food and Drink,1972
1973,Food and Drink,1973
1974,Food and Drink,1974
1975,Christian Fiction,1975
1976,Christian Fiction,1976
1977,Christian Fiction,1977
1978,Christian Fiction,1978
1979,Christian Fiction,1979
1980,Christian Fiction,1980
1981,Business,1981
1982,Business,1982
1983,Business,1983
1984,Business,1984
1985,Business,1985
1986,Business,1986
1987,Business,1987
1988,Business,1988
1989,Business,1989
1990,Business,1990
1991,Business,1991
1992,Business,1992
1993,Biography,1993
1994,Biography,1994
1995,Biography,1995
1996,Biography,1996
1997,Biography,1997
1998,Thriller,1998
1999,Thriller,1999
2000,Thriller,2000
2001,Thriller,2001
2002,Thriller,2002
2003,Thriller,2003
2004,Thriller,2004
2005,Thriller,2005
2006,Thriller,2006
2007,Thriller,2007
2008,Thriller,2008
2009,Contemporary,2009
2010,Contemporary,2010
2011,Contemporary,2011
2012,Spirituality,2012
2013,Spirituality,2013
2014,Spirituality,2014
2015,Spirituality,2015
2016,Spirituality,2016
2017,Spirituality,2017
2018,Academic,2018
2019,Self Help,2019
2020,Self Help,2020
2021,Self Help,2021
2022,Self Help,2022
2023,Self Help,2023
2024,Historical,2024
2025,Historical,2025
2026,Christian,2026
2027,Christian,2027
2028,Christian,2028
2029,Suspense,2029
2030,Short Stories,2030
2031,Novels,2031
2032,Health,2032
2033,Health,2033
2034,Health,2034
2035,Health,2035
2036,Politics,2036
2037,Politics,2037
2038,Politics,2038
2039,Cultural,2039
2040,Erotica,2040
2041,Crime,2041
